,Unnamed: 0,subject,predicate,object
0,0,Cognitive-Behavioral Therapy,is for,Substance Use Disorders
1,1,Cognitive behavioral therapy (CBT) for substance use disorders,has demonstrated efficacy as,a monotherapy
2,2,Cognitive behavioral therapy (CBT) for substance use disorders,has demonstrated efficacy as part of,combination treatment strategies
3,3,This article,provides a review of,the evidence supporting the use of CBT
4,4,This article,provides a review of,clinical elements of CBT's application
5,5,This article,provides a review of,novel treatment strategies for improving treatment response
6,6,This article,provides a review of,dissemination efforts
7,7,CBT for substance abuse,is characterized by,heterogeneous treatment elements
8,8,Heterogeneous treatment elements,include,operant learning strategies
9,9,Heterogeneous treatment elements,include,cognitive and motivational elements
10,10,Heterogeneous treatment elements,include,skills building interventions
11,11,Core elements of CBT,focus on,overcoming reinforcing effects of psychoactive substances
12,12,Substance use disorders (SUDs),are,heterogeneous conditions
13,13,Substance use disorders (SUDs),are characterized by,recurrent maladaptive use of a psychoactive substance
14,14,Recurrent maladaptive use of a psychoactive substance,is associated with,significant distress and disability
15,15,Substance use disorders,are,highly common
16,16,Lifetime rates of substance abuse or dependence,are estimated at,over 30% for alcohol
17,17,Lifetime rates of substance abuse or dependence,are estimated at,over 10% for other drugs
18,18,Past year point prevalence rates,are,8.5% for alcohol
19,19,Past year point prevalence rates,are,2% for other drugs
20,20,Improved understanding of substance use patterns,has led to,greater specificity of psychosocial and pharmacologic treatments
21,21,Psychosocial and pharmacologic treatments,have evidence for,efficacy and cost effectiveness
22,22,This article,provides an overview of,evidence for CBT for substance use disorders
23,23,This article,provides an overview of,clinical application of CBT for substance use disorders
24,24,CBT (in this article),is defined to include,behavioral interventions
25,25,CBT (in this article),is defined to include,cognitive behavioral interventions
26,26,This review,will focus on,treatment of alcohol use disorders
27,27,This review,will focus on,treatment of drug use disorders (not including nicotine)
28,28,"The term ""substance use""",is defined as,taking any illicit psychoactive substance
29,29,"The term ""substance use""",is defined as,improper use of any prescribed or over the counter medication
30,30,"""Substance use disorders"" (as used here)",refers to,substance abuse and substance dependence
31,31,Symptoms of substance abuse,reflect,external consequences of problematic use
32,32,External consequences of problematic use,include,failure to fulfill role obligations
33,33,External consequences of problematic use,include,legal problems
34,34,External consequences of problematic use,include,physically hazardous use
35,35,External consequences of problematic use,include,interpersonal difficulty resulting from use
36,36,Symptoms of substance dependence,reflect,internal consequences of use
37,37,Internal consequences of use,include,physical withdrawal upon discontinuation of a substance
38,38,Internal consequences of use,include,difficulty with cutting down or controlling use of a substance
39,39,Large scale trials and quantitative reviews,support,efficacy of CBT for alcohol and drug use disorders
40,40,The authors' group,conducted,a meta-analytic review of CBT for drug abuse and dependence
41,41,The meta-analytic review,included,34 randomized controlled trials
42,42,The meta-analytic review,found,an overall effect size of d = 0.45 for CBT
43,43,Effect sizes for CBT,ranged from,small (d = 0.24) to large
44,44,Effect sizes for CBT,depended on,the substance targeted
45,45,Treatment of cannabis,had,larger effect sizes
46,46,Treatment of poly-substance dependence,had,the smallest effect sizes
47,47,Contingency management approaches,showed,greater effect sizes relative to relapse prevention or other cognitive behavioral treatments
48,48,Treatment advantages,were computed relative to,control conditions
49,49,Control conditions,most frequently were,general drug counseling or treatment-as-usual
50,50,Magill and Ray,reported,similar results for alcohol and illicit drugs in a meta-analytic review of CBT trials
51,51,Evidence,supports,durability of treatment effects over time
52,52,Rawson and colleagues,reported that,60% of patients in the CBT condition provided clean toxicology screens at 52-week follow-up
53,53,CBT for substance use disorders,includes,several distinct interventions
54,54,Distinct interventions in CBT for SUDs,can be,combined or used in isolation
55,55,Distinct interventions in CBT for SUDs,can be administered in,individual formats
56,56,Distinct interventions in CBT for SUDs,can be administered in,group formats
57,57,Evaluation of CBT for SUDs in special populations,is beyond the scope of,the current review
58,58,Special populations,include,those with other Axis I disorders (dual diagnosis)
59,59,Special populations,include,pregnant women
60,60,Special populations,include,incarcerated individuals
61,61,CBT for SUDs,encompasses,a variety of interventions that emphasize different targets
62,62,This article,reviews,individual and group treatments
63,63,Individual and group treatments,include,motivational interventions
64,64,Individual and group treatments,include,contingency management strategies
65,65,Individual and group treatments,include,Relapse Prevention and related interventions
66,66,Relapse Prevention and related interventions,focus on,functional analysis
67,67,Motivational enhancement techniques,have been created and tested to address,motivational barriers to change
68,68,Motivational Interviewing (MI),is,an approach based on targeting ambivalence toward behavior change
69,69,MI,targets ambivalence toward behavior change relative to,drug and alcohol use
70,70,MI,has subsequent application to,motivation and adherence to other disorders and behaviors
71,71,Treatments based on the MI model,are utilized as,stand-alone interventions for SUDs
72,72,Treatments based on the MI model,are utilized in combination with,other treatment strategies for SUDs
73,73,A meta-analytic review of MI interventions,found,small to moderate effect sizes for alcohol use (compared to placebo/no-treatment)
74,74,A meta-analytic review of MI interventions,found,moderate effect sizes for drug use (compared to placebo/no-treatment)
75,75,MI interventions,showed,similar efficacy to active treatment comparisons
76,76,MI,is typically offered in,an individual format
77,77,MI,can also be utilized in,group formats
78,78,MI treatment,often consists of,a relatively brief treatment episode
79,79,Greater efficacy of MI,may be achieved with,a higher dose of treatment
80,80,Contingency management (CM) approaches,are grounded in,operant learning theory
81,81,CM approaches,involve,administration of a non-drug reinforcer following abstinence
82,82,Non-drug reinforcers,include,vouchers for goods
83,83,Clinical trials,have supported,efficacy of CM for alcohol
84,84,Clinical trials,have supported,efficacy of CM for cocaine
85,85,Clinical trials,have supported,efficacy of CM for opioids
86,86,Meta-analytic reviews,indicate,moderate effect sizes for CM efficacy
87,87,CM efficacy,is greater for,"opioids and cocaine (relative to tobacco, polydrug use)"
88,88,Researchers,have investigated,lottery-type strategies for distributing reinforcers (to improve cost efficacy of CM)
89,89,The punchbowl method,rewards,negative screens for drug use with a prize drawing opportunity
90,90,Inclusion of rarer large prizes,saves,money
91,91,Inclusion of rarer large prizes,offers,a successful inducement for abstinence
92,92,CM procedures,may use,stable reinforcement schedules
93,93,CM procedures,may use,escalating reinforcement schedules
94,94,Reinforcer value,increases as,duration of abstinence increases in escalating schedules
95,95,CM approaches,have successfully modified,"adaptive behaviors (e.g., attendance at prenatal visits, medication adherence)"
96,96,Availability of funds for reinforcers in clinical settings,is,a limitation of CM
97,97,Job-based reinforcements,have been introduced as,alternatives to aid CM clinical adoption
98,98,Contingency management strategies,have been incorporated into,couple's interactions to aid reduction of drug use
99,99,Relapse Prevention (RP),is,a well-researched cognitive-behavioral approach to drug abuse
100,100,Relapse Prevention (RP),emphasizes,functional analysis of cues for drug use
101,101,Relapse Prevention (RP),emphasizes,systematic training of alternative responses to drug cues
102,102,Relapse Prevention (RP),focuses on,identification and prevention of high-risk situations
103,103,High-risk situations,include,"favorite bars, friends who also use"
104,104,Techniques of RP,include,challenging patient's expectation of perceived positive effects of use
105,105,Techniques of RP,include,providing psychoeducation for informed choice in threatening situations
106,106,A meta-analysis of RP efficacy,found,a relatively small effect (r=.14) for reducing substance use
107,107,A meta-analysis of RP efficacy,found,a large effect (r=.48) for improvement in overall psychosocial adjustment
108,108,Similar CBT strategies,may include,"psychoeducation, cognitive reappraisal, skills training, and other behavioral strategies"
109,109,Efficacy of CBT for SUDs,is supported by,meta-analytic reviews
110,110,Effect sizes for CBT for SUDs,are in the,low moderate range (using heterogeneous comparison conditions)
111,111,Effect sizes for CBT for SUDs,are,large (compared to no-treatment control groups)
112,112,Substance abuse treatment,often occurs in,individual or group format
113,113,Substance abuse disorder,has,strong ties to the patient's social environment
114,114,Promising treatments,utilize,"support of partner, family, and community to aid abstinence"
115,115,The Community Reinforcement Approach (CRA),is similar to,CM
116,116,The Community Reinforcement Approach (CRA),focuses on,altering contingencies within the environment
117,117,CRA,aims to make,sober behavior more rewarding than substance use
118,118,Efficacy of CRA for alcohol dependence,has been supported by,several meta-analyses
119,119,Utility of CRA,has been demonstrated in,"drug dependent populations (e.g., cocaine and opioid dependent patients)"
120,120,Behavioral Couples Therapy (BCT),is,a treatment utilizing support of a significant other
121,121,BCT,assumes,a reciprocal relationship between relationship functioning and substance abuse
122,122,Substance use,can have,a detrimental effect on the relationship
123,123,Relationship distress,can lead to,increased substance use
124,124,BCT,focuses on,improving a partner's coping with substance-related situations
125,125,BCT,focuses on,improving overall relationship functioning
126,126,BCT interventions,commonly include,psychoeducation
127,127,BCT interventions,commonly include,training in withdrawal of relationship contact contingent on drug use
128,128,BCT interventions,commonly include,application of reinforcement contingent on drug free days
129,129,BCT interventions,commonly include,scheduling of mutually pleasurable non-drug activities
130,130,Scheduling of non-drug activities,aims to decrease,opportunities for drug use
131,131,Scheduling of non-drug activities,aims to reward,abstinence
132,132,A meta-analysis,showed,considerable support for BCT over individually based counseling treatments for alcohol use disorders
133,133,Patients in BCT condition,demonstrated,reduced frequency of alcohol use
134,134,Patients in BCT condition,demonstrated,reduced consequences of alcohol use
135,135,Patients in BCT condition,demonstrated,greater relationship satisfaction at follow-up
136,136,A meta-analysis by Stanton & Shadish,found that,BCT was associated with strong treatment retention
137,137,"Combination treatment strategies (e.g., CBT plus pharmacotherapy)",are hoped to lead to,enhanced drug treatment outcomes
138,138,Combination treatment strategies,has frequently met with,equivocal outcomes
139,139,Some studies,have supported,combination of naltrexone and CBT for alcohol dependence
140,140,The COMBINE study,evaluated,"combinations of naltrexone, acamprosote, and behavioral interventions for alcohol dependence"
141,141,Naltrexone,resulted in,best drinking outcomes (in the COMBINE study)
142,142,Behavioral interventions,resulted in,best drinking outcomes (in the COMBINE study)
143,143,Combination of naltrexone and behavioral interventions,resulted in,best drinking outcomes (in the COMBINE study)
144,144,Combination treatment (in COMBINE study),did not exhibit,additive efficacy relative to monotherapy
145,145,"Addition of behavioral strategies (e.g., CM)",has been shown to enhance,"efficacy of opioid agonist therapies (e.g., methadone)"
146,146,Addition of disulfiram to CBT,has demonstrated,success for cocaine dependence
147,147,Addition of citalopram to CBT or CM,has demonstrated,success for cocaine dependence
148,148,Combination of psychosocial approaches,has yielded,mixed results
149,149,Combination of CBT and CM,yielded,highest effect sizes relative to other interventions alone (in a meta-analysis of drug dependence treatments)
150,150,Confidence in CBT and CM combination,is,limited (due to only two contributing studies)
151,151,More studies on combination of efficacious monotherapies,are needed to determine,strongest treatment strategies for alcohol and drug use disorders
152,152,Studies evaluating relative efficacy of different CBT approaches for SUDs,have yielded,equivocal results regarding relative benefits for drug use outcomes
153,153,Comparison of BCT to individual CBT for alcohol dependence,noted,similar efficacy
154,154,Individual CBT for alcohol dependence,had,cost advantages relative to BCT
155,155,CM (for stimulant dependence),demonstrated,better acute efficacy than CBT
156,156,Efficacy of CM and CBT (for stimulant dependence),was,similar at follow-up
157,157,Comparison of CM and CBT for opioid dependent patients (in methadone maintenance),found,similar results
158,158,Project MATCH trial,involved,three evidence-based psychosocial treatment strategies for alcohol dependence
159,159,Three evidence-based psychosocial treatment strategies (in Project MATCH),evidenced,similar overall outcomes at post-treatment and 3-year follow-up
160,160,Attempts to match patients to treatments based on baseline characteristics,has not yet yielded,a clear sense of front-line treatments
161,161,Effect size analysis across treatment trials,provides support for,most robust treatment effects for contingency management for drug use
162,162,Effect size analysis across treatment trials,provides support for,most robust treatment effects for combined psychosocial treatments for alcohol use
163,163,Combined psychosocial treatments for alcohol use,include,CBT + cue exposure
164,164,Empirical support for these interventions,is,promising
165,165,Empirical support,is most often garnered through,efficacy studies (under optimal conditions)
166,166,Most SUD treatments,occur in,service provision settings (under non-optimal conditions)
167,167,Effectiveness research,has been conducted examining,treatments without stringent controls of efficacy trials
168,168,Several studies,examined,effectiveness of CM as a supplement to traditional drug counseling
169,169,Initial effectiveness studies,provided,high rewards for sustained abstinence
170,170,Recent effectiveness studies,have focused on providing,low-cost CM
171,171,Low-cost CM,is a more feasible addition to,traditional counseling programs
172,172,Petry and Martin,examined,addition of CM to standard community based treatment for cocaine and opioid dependent patients
173,173,CM (in Petry and Martin study),was delivered through,a raffle format
174,174,Patients in the CM condition (Petry and Martin study),achieved,longer durations of abstinence (relative to non-CM group)
175,175,Study of effectiveness of motivational enhancement strategies,has yielded,mixed results
176,176,Carroll et al.,found,small advantages for motivational enhancement therapy relative to TAU (only for alcohol problems)
177,177,Advantage for motivational enhancement in alcohol samples,was consistent with,prior investigations
178,178,"A study by Gray, McCambridge, and Strang",examined,"effects of single-session MI for alcohol, nicotine, and cannabis use among young people"
179,179,Patients who received MI (in Gray et al. study),reported,significantly fewer days of alcohol use (than non-MI group)
180,180,Significant differences for MI,were not found for,cigarette or cannabis use
181,181,Extent of benefit of MI,is more modest than,identified by efficacy research studies
182,182,Results for improvement of retention with motivational enhancement (in effectiveness studies),have been,more promising
183,183,Effectiveness research,helps understand,application of CBT outside controlled research settings
184,184,CBT for substance use disorders,varies according to,particular protocol used
185,185,CBT for substance use disorders,varies according to,substance targeted
186,186,Core elements of CBT interventions,include,use of learning-based approaches
187,187,Learning-based approaches,target,maladaptive behavioral patterns
188,188,Learning-based approaches,target,motivational and cognitive barriers to change
189,189,Learning-based approaches,target,skills deficits
190,190,Substances of abuse,serve as,powerful reinforcers of behavior
191,191,This principle (substances as reinforcers),is one of the core principles underlying,CBT for SUDs
192,192,Reinforcing effects of substances,become associated with,internal and external stimuli
193,193,Core elements of CBT,aim to mitigate,strongly reinforcing effects of substances of abuse
194,194,CBT,mitigates effects by,"increasing contingency associated with non-use (e.g., vouchers for abstinence)"
195,195,CBT,mitigates effects by,building skills to facilitate reduction of use and maintenance of abstinence
196,196,CBT,mitigates effects by,facilitating opportunities for rewarding non-drug activities
197,197,Length of treatment within CBT for SUDs,can vary,greatly
198,198,Research on duration and intensity of treatment,is,mixed
199,199,Some correlational studies,indicate,a positive relationship between longer duration and positive outcome
200,200,Other correlational studies,indicate,no differential effects of treatment duration
201,201,Case conceptualization,requires,consideration of heterogeneity of substance use disorders
202,202,Relative contribution of affective and social/environmental factors,can vary,widely across patients
203,203,Patient with co-occurring panic disorder and alcohol dependence,may experience,"cycles of withdrawal, alcohol use, and panic symptoms"
204,204,"Cycles of withdrawal, alcohol use, and panic symptoms",serve as,a barrier to reduction of alcohol consumption
205,205,"Cycles of withdrawal, alcohol use, and panic symptoms",serve as,a barrier to amelioration of panic symptoms
206,206,Patients without co-occurring psychological disorders,may face,different barriers and skills deficits
207,207,Barriers and skills deficits,include,difficulty refusing offers for substances
208,208,Barriers and skills deficits,include,perceived need for substances in social situations
209,209,All these factors,must be considered,before embarking upon treatment
210,210,Treatment for SUDs,benefits from,use of a regular structure
211,211,Regular structure in SUD treatment,includes,"agenda-setting, identification of goals, and assignment and review of homework"
212,212,Regular structure,can help patients,remember and apply treatment techniques outside session
213,213,Functional analysis,is,an important component of treatment
214,214,Identification of antecedents or triggers for use,is critical to determining,appropriate situations and behaviors to target
215,215,Stimulus control strategies,may serve as,an important precursor to building skills for resilience
216,216,Stimulus control strategies,facilitate,initial achievement of abstinence
217,217,Functional analyses,help clarify drug use as part of,social repertoires
218,218,Functional analyses,help clarify drug use to,enhance positive activities
219,219,Functional analyses,help clarify drug use to,cope with difficult situations or emotions
220,220,Independent assessment of drug use motives,can aid,functional analysis
221,221,Use of the Revised Drinking Motives Questionnaire,may provide information about,nature of drinking motives and its association to particular triggers
222,222,Cognitive behavior therapy,can be directed to,altering likelihood of encountering high risk situations and events
223,223,Cognitive behavior therapy,can be directed to,rehearsing non-drug alternatives to drug cues
224,224,Motivational and cognitive interventions,can be provided to,enhance motivation for alternative activities
225,225,Motivational and cognitive interventions,also work to decrease,cognitions that enhance likelihood of drug use
226,226,Broader cognitive strategies,can target,cognitive distortions specific to substance abuse
227,227,Cognitive distortions specific to substance abuse,include,rationalizing use and giving up
228,228,Eliciting evidence from patient regarding accuracy of thoughts,can help to identify,alternative appraisals
229,229,Providing psychoeducation on nature of thoughts and their role in recovery,can help patient gain,awareness about how thinking patterns contribute to disorder maintenance
230,230,Rehearsal of cognitive restructuring in context of drug cues,may enhance,availability of skills outside treatment setting
231,231,Expectancies (beliefs about consequences of use),are,an important target for intervention
232,232,Evaluating evidence for expectancies and designing behavioral experiments,can be used to target,beliefs about consequences of use
233,233,A variety of CM procedures,have shown success in helping,patients reduce drug use
234,234,Cognitive behavioral therapist,needs to consider,how abstinence is to be rewarded as part of treatment
235,235,Traditional CM rewards,include,"monetary prizes, vouchers for goods, or treatment privileges"
236,236,Arrangement of social contingencies,should be considered,(in addition to traditional CM rewards)
237,237,Social contingencies,are evident in,BCT approaches
238,238,Contingencies,can be arranged to encourage,initial experiences of abstinence
239,239,Contingencies,can be arranged to encourage,entry into non-drug activities
240,240,Treatment,becomes concerned with,identification of naturally-occurring rewards for abstinence
241,241,Naturally-occurring rewards for abstinence,include,"greater employment, relationship, and social success"
242,242,Approaches to treatment of drug use patterns,have emphasized,exposure to the cues for drug use
243,243,Research,has shown,"moderate success for exposure to external cues for use (e.g., drug paraphernalia or drugs themselves)"
244,244,Attention,has shifted to,exposure to internal cues for drug use
245,245,Pilot studies (in illicit drug use and smoking cessation),have provided,early support for exposure to internal cues for drug use
246,246,Approaches in smoking cessation,have placed attention on,reduction of fears of anxiety sensations
247,247,Anxiety sensations,may amplify,aversiveness of withdrawal and affective consequences of nicotine cessation
248,248,Pre-exposing individuals to sensations (in interoceptive exposure),can reduce,aversiveness of these sensations
249,249,Reduced aversiveness of sensations,results in,reduction in smoking behavior
250,250,Skills building,targets,"interpersonal, emotion regulation, and organizational/problem-solving deficits"
251,251,Addition of coping and communication skills training,has demonstrated,positive outcomes
252,252,Coping and communication skills training,are,common components of CBT for substance abuse
253,253,Interpersonal skills building exercises,may target,repairing relationship difficulties
254,254,Interpersonal skills building exercises,may target,increasing ability to use social support
255,255,Interpersonal skills building exercises,may target,effective communication
256,256,Use of social support in treatment,may benefit,goals for abstinence and relationship functioning (for patients with strong support)
257,257,Ability to reject offers for substances,can be,a limitation and challenge to recovery
258,258,Rehearsal in session of socially-acceptable responses to offers for alcohol or drugs,provides patient with,a stronger skill set for applying refusals outside session
259,259,Rehearsal,can be supplemented by,imaginal exposure or emotional induction
260,260,Emotion regulation skills,can include,distress tolerance and coping skills
261,261,Use of problem-solving exercises and development of emotion regulation repertoire,enables patient to,determine and utilize non-drug use alternatives to distress
262,262,Strategies for coping with negative affect,include,"using social supports, engaging in pleasurable activities, and exercise"
263,263,Development of pleasurable sober activities,is of particular importance due to,time and energy spent on substance use activities
264,264,Sense of absence (when reducing substance use),can serve as,an impediment to abstinence
265,265,Concurrently increasing pleasant and goal-directed activities while reducing use,can be crucial for facilitating,initial and maintained abstinence
266,266,Goal-setting deficits,can be targeted,within the session as part of treatment
267,267,Guiding patients in setting treatment goals,can serve as,a first practice of skill building
268,268,Assisting patients in setting smaller goals,is,an important exercise (in service of longer term goals)
269,269,Inability to delay long-term pleasure for short-term pleasure,is,a characteristic feature of substance use disorders
270,270,Ability to set long-term goals,may be,compromised in SUDs
271,271,Skills building (for severe substance dependence patients),may require shifting,patient's relevant skills and goals from illicit to normative lifestyle
272,272,Skills adaptive while actively using,may translate poorly to,reconnecting with family and sober friends
273,273,Skills adaptive while actively using,may translate poorly to,obtaining and maintaining a job
274,274,Skills adaptive while actively using,may translate poorly to,building healthy life activities
275,275,Many challenges,may arise in,treatment of substance use disorders
276,276,Challenges in SUD treatment,can serve as,barriers to successful treatment
277,277,Challenges in SUD treatment,include,acute or chronic cognitive deficits
278,278,Challenges in SUD treatment,include,medical problems
279,279,Challenges in SUD treatment,include,social stressors
280,280,Challenges in SUD treatment,include,lack of social resources
281,281,Certain populations,may present,"particular challenges (e.g., pregnant women and incarcerated patients)"
282,282,Use of functional analysis and flexible utilization of treatment components,is important in,challenging circumstances
283,283,Shift in social and environmental contexts (use vs. non-use lifestyles),can be,a particular challenge
284,284,Individuals with long histories of substance misuse,often experience,"significant life consequences (e.g., unemployment, family difficulties, reduced social networks)"
285,285,Illicit drug use culture,is characterized by,"other illicit behaviors (e.g., drug dealing, theft, prostitution)"
286,286,Illicit drug use culture,values,"particular skills (e.g., ability to make a drug deal at 2:00AM)"
287,287,Illicit drug use culture,varies dramatically from,mainstream culture
288,288,Patient in treatment,is asked to transition to,a culture with few skills and resources
289,289,Patient in treatment,is asked to relinquish,parts of life with a sense of effectiveness and belonging from illicit lifestyle
290,290,Sense of belonging to substance use culture,can increase,ambivalence for change
291,291,It,is critical to establish,"alternatives for achieving a sense of belonging (e.g., social connection and effectiveness)"
292,292,Alternatives for achieving a sense of belonging,may include,"joining a social group, volunteer work, or other activity-based social opportunities"
293,293,Much work,remains to be done to improve,rates of treatment response
294,294,Several novel approaches,are being studied to enhance,behavioral treatments for substance use disorders
295,295,Use of computer-assisted delivery of treatment,is,a new approach
296,296,A study by Carroll and colleagues,compared,addition of biweekly computer-based CBT to standard drug counseling treatment
297,297,Patients who received computer-based treatment,had,significantly higher numbers of drug free urine tests and longer periods of abstinence
298,298,Benefits of computer-based treatment,continued through,a 6 month follow-up
299,299,Use of d-cycloserine (DCS),is,a novel approach to augment exposure based treatments
300,300,DCS,works as,a partial agonist targeting NMDA receptors
301,301,DCS,enhances,glutamate neurotransmission
302,302,DCS,facilitates,extinction
303,303,DCS,has been applied successfully in augmenting,exposure-based treatments for anxiety disorders
304,304,Administration of DCS coupled with an extinction paradigm (in animal studies),has deterred,reacquisition of cocaine and alcohol seeking behavior
305,305,Administration of DCS coupled with an extinction paradigm (in animal studies),has facilitated,extinction of withdrawal-associated place aversion in morphine-dependent rats
306,306,Promising findings in animal literature,suggest,further application with human populations is warranted
307,307,Our group,is currently evaluating,addition of DCS to an exposure-based CBT protocol for treatment-resistant opioid dependence
308,308,DCS (when administered prior to exposure sessions),is hypothesized to facilitate,extinction learning
309,309,Facilitated extinction learning,is hypothesized to achieve,more rapid and robust treatment response
310,310,Many effective behavioral techniques for substance use treatment,have been,identified
311,311,Use of effective behavioral techniques,is often,scarce or non-existent in service provision settings
312,312,Reasons for limitation in technology transfer,include,belief that addiction is a moral failing (preventing medical model adoption)
313,313,Reasons for limitation in technology transfer,include,availability of resources to implement new treatments
314,314,Reasons for limitation in technology transfer,include,resistance to change by organizations and clinicians
315,315,Lack of effective diffusion of evidence-based treatments,has led to,an increase in resource allocation for dissemination and implementation efforts
316,316,National Institute on Drug Abuse (NIDA),instituted,a Blending Initiative in 2001 (in conjunction with ATTC and SAMHSA)
317,317,Blending Initiative,aimed to combine,"knowledge and skill of researchers, clinicians, policymakers, and dissemination programs"
318,318,Blending Initiative,aimed to develop and implement,evidence-based treatments for community settings
319,319,Inception of the Clinical Trials Network (CTN),was an outcome of,the Blending Initiative
320,320,Clinical Trials Network (CTN),is,a 17-site regional research and training center
321,321,Clinical Trials Network (CTN),collaborates with,many community treatment programs
322,322,Clinical Trials Network (CTN),studies,effectiveness of specific interventions in diverse community settings and patient populations
323,323,Other efforts,are underway to increase,access to CBT and other evidence-based treatments for SUDs
324,324,Future research focusing on methods to bridge gap between theory and practice,is of particular importance for,supporting community clinicians and effective systemic change
325,325,CBT for substance use disorders,captures,a broad range of behavioral treatments
326,326,Behavioral treatments (in CBT for SUDs),target,operant learning processes
327,327,Behavioral treatments (in CBT for SUDs),target,motivational barriers to improvement
328,328,Behavioral treatments (in CBT for SUDs),target,other cognitive-behavioral interventions
329,329,These interventions (in CBT for SUDs),have demonstrated,efficacy in controlled trials
330,330,These interventions,may be combined with,each other to provide more robust outcomes
331,331,These interventions,may be combined with,pharmacotherapy to provide more robust outcomes
332,332,Core elements of CBT,emerge based in,a conceptual model of SUDs
333,333,Conceptual model of SUDs,characterizes SUDs as,disorders characterized by learning processes
334,334,Conceptual model of SUDs,characterizes SUDs as,disorders driven by strongly reinforcing effects of substances of abuse
335,335,Particular challenges to the field,include,determination of most effective combination treatment strategies
336,336,Particular challenges to the field,include,improving dissemination of CBT to service provision settings
337,337,Novel treatment strategies,include,"more scalable modalities (e.g., computer-based programs)"
338,338,Novel treatment strategies,include,"combination strategies (e.g., DCS)"
339,339,Novel treatment strategies,may aid in,transportability of treatments outside research settings
340,0,Alcohol and substance use disorder,is a,chronic condition
341,1,Alcohol and substance use disorder,features,relapses
342,2,Alcohol and substance use disorder,features,remissions
343,3,relapses in Alcohol and substance use disorder,have a,multifactorial nature
344,4,early age of onset,increases,relapse rate of Alcohol and substance use disorder
345,5,dysfunction in the brain reward system,increases,relapse rate of Alcohol and substance use disorder
346,6,poor physical health,increases,relapse rate of Alcohol and substance use disorder
347,7,sleep disturbance,increases,relapse rate of Alcohol and substance use disorder
348,8,comorbid psychiatric disorders,increase,relapse rate of Alcohol and substance use disorder
349,9,severity of Alcohol and substance use disorder,increases,relapse rate of Alcohol and substance use disorder
350,10,craving,increases,relapse rate of Alcohol and substance use disorder
351,11,low self-efficacy,increases,relapse rate of Alcohol and substance use disorder
352,12,negative life events,increase,relapse rate of Alcohol and substance use disorder
353,13,low socioeconomic status,increases,relapse rate of Alcohol and substance use disorder
354,14,positive family functioning,decreases,relapse rate of Alcohol and substance use disorder
355,15,strong social support,decreases,relapse rate of Alcohol and substance use disorder
356,16,treatment motivation,decreases,relapse rate of Alcohol and substance use disorder
357,17,regular medication,decreases,relapse rate of Alcohol and substance use disorder
358,18,gender,has,no consistent relationship with relapses in Alcohol and substance use disorder
359,19,genetic factors,have,no consistent relationship with relapses in Alcohol and substance use disorder
360,20,methadone,is effective in preventing relapse in,opioid use disorder
361,21,methadone,is effective in preventing relapse in,alcohol use disorder
362,22,buprenorphine,is effective in preventing relapse in,opioid use disorder
363,23,buprenorphine,is effective in preventing relapse in,alcohol use disorder
364,24,naltrexone,is effective in preventing relapse in,opioid use disorder
365,25,naltrexone,is effective in preventing relapse in,alcohol use disorder
366,26,pharmaceutical agents,are not proven effective in preventing relapse in,other substance use disorders
367,27,motivational interviewing,is an effective psychotherapeutic approach for,Alcohol and substance use disorder
368,28,cognitive behavioral therapy,is an effective psychotherapeutic approach for,Alcohol and substance use disorder
369,29,12-step programs,are effective psychotherapeutic approaches for,Alcohol and substance use disorder
370,30,contingency management,is an effective psychotherapeutic approach for,Alcohol and substance use disorder
371,31,treatment of substance addiction,is,intricate
372,32,treatment of substance addiction,necessitates,biopsychosocial interventions
373,33,high relapse rates,indicate necessity for,social support
374,34,high relapse rates,indicate necessity for,rehabilitation services
375,35,appropriate interventions,can prevent,relapses in patients with Alcohol and substance use disorder
376,36,appropriate therapeutic approaches,can prevent,relapses in patients with Alcohol and substance use disorder
377,37,Alcohol and substance use disorder,is a,significant problem
378,38,Alcohol and substance use disorder,affects,individuals
379,39,Alcohol and substance use disorder,affects,families
380,40,Alcohol and substance use disorder,affects,communities
381,41,Alcohol and substance use disorder,is associated with,many psychological issues
382,42,Alcohol and substance use disorder,is associated with,many medical issues
383,43,the term 'addiction',is a,broad concept
384,44,the term 'addiction',can be extended to include,behavioral addictions
385,45,the term 'addiction',can be extended to include,food addiction
386,46,Alcohol and substance use disorder,is a,persistent illness
387,47,Alcohol and substance use disorder,is characterized by,remissions
388,48,Alcohol and substance use disorder,is characterized by,relapses
389,49,relapse rates,are similar across,various substance addictions
390,50,many people with substance addiction,return to substance use within,first 3 months following treatment
391,51,relapse rates,are approximately 70% at,1 year following treatment
392,52,39% of patients with Alcohol and substance use disorder,remained in remission during,1-year follow-up period (one study)
393,53,50%-60% of patients with Alcohol and substance use disorder,relapsed within,a few months after detoxification (one study)
394,54,relapse rates in Turkey,were 61.8% after,1-year follow-up (one study)
395,55,relapse rates in Turkey,were 60.8% after,6-month follow-up (one study)
396,56,relapse rates in addiction,are,high
397,57,relapse rates in addiction,are especially high in,early stages
398,58,current treatments for addiction,often fail to provide,sufficient benefit
399,59,determining factors associated with relapses,is of,great importance
400,60,evaluation of patients for relapse risk,requires attention to,personal factors
401,61,evaluation of patients for relapse risk,requires attention to,situational factors
402,62,evaluation of patients for relapse risk,requires attention to,physiological factors
403,63,evaluation of patients for relapse risk,requires consideration of,multidisciplinary manner
404,64,patients' biological characteristics,impact,patients' prognosis
405,65,patients' psychological characteristics,impact,patients' prognosis
406,66,patients' social characteristics,impact,patients' prognosis
407,67,stable marriage,decreased,relapse
408,68,high socioeconomic status,decreased,relapse
409,69,older age,decreased,relapse
410,70,neuropsychological impairment,increased,relapse
411,71,high addiction severity,increased,relapse
412,72,comorbid psychiatric symptoms,increased,relapse
413,73,history of addiction in the family,increases risk of,relapse
414,74,starting drug use at a young age,increases risk of,relapse
415,75,impulsive personality traits,increase risk of,relapse
416,76,risk-taking personality traits,increase risk of,relapse
417,77,severity of addiction,increases risk of,relapse
418,78,co-occurring psychiatric disorders,increase risk of,relapse
419,79,taking additional medication,increases risk of,relapse
420,80,difficulties in interpersonal relationships,increase risk of,relapse
421,81,poor problem-solving skills,increase risk of,relapse
422,82,identification of remission and relapse periods,is important for,development of individualized treatments
423,83,identification of factors causing remission and relapse periods,is important for,development of individualized treatments
424,84,identification of remission and relapse periods,is important for,early medical interventions
425,85,identification of factors causing remission and relapse periods,is important for,early medical interventions
426,86,identification of remission and relapse periods,is important for,early psychological interventions
427,87,identification of factors causing remission and relapse periods,is important for,early psychological interventions
428,88,identification of remission and relapse periods,is important for,prevention of relapses
429,89,identification of factors causing remission and relapse periods,is important for,prevention of relapses
430,90,older age at onset of alcohol use disorder,is associated with,higher likelihood of remission
431,91,lower age at onset of alcohol use disorder,is associated with,higher relapse rates in adults with major depressive disorder and alcohol use disorder comorbidity
432,92,early onset of alcohol use,is associated with,higher risk of alcohol dependence
433,93,early onset of alcohol use,is associated with,higher risk of relapses
434,94,early initiation of alcohol use,is associated with,higher risk of relapse
435,95,early initiation of alcohol use,is associated with,higher risk of developing dependence at an earlier age
436,96,older age of onset,is associated with,higher remission
437,97,earlier age of onset,is associated with,higher relapse
438,98,early age of onset of substance use disorder,is associated with,polysubstance use (one study)
439,99,early age of onset of substance use disorder,is not associated with,relapses (one study)
440,100,low age at first substance use,is associated with,relapses
441,101,younger age at first substance use,is associated with,increased risk of substance use disorders
442,102,younger age at first substance use,is associated with,increased rate of relapse
443,103,gender,does not consistently predict,relapse in alcohol use disorder
444,104,female gender,is associated with,better prognosis in alcohol use disorder (some studies)
445,105,women with alcohol use disorder,are more likely to relapse following,stressful event
446,106,women with alcohol use disorder,are more likely to relapse following,drug-related cue
447,107,history of trauma,is significantly associated with,relapse in women with alcohol use disorder
448,108,current trauma-related symptoms,are significantly associated with,relapse in women with alcohol use disorder
449,109,women with substance use disorder,have,lower relapse rates (some studies)
450,110,women in buprenorphine-treated patients,showed,lower relapse rates than men (2 studies)
451,111,gender,does not show consistent differences for,cravings for psycho-stimulants
452,112,gender,does not show consistent differences for,relapses for psycho-stimulants
453,113,gender,does not show consistent differences for,cravings for opioids
454,114,gender,does not show consistent differences for,relapses for opioids
455,115,women with cocaine use disorder,are more likely to attribute relapse to,negative emotional states
456,116,women with cocaine use disorder,are more likely to attribute relapse to,interpersonal conflict
457,117,dysfunction in the nucleus accumbens,is associated with,significantly higher relapse rates
458,118,dysfunction in the executive control network,is associated with,significantly higher relapse rates
459,119,dysfunction in the insula,is associated with,significantly higher relapse rates
460,120,dysfunction in the ventral pallidum,is associated with,significantly higher relapse rates
461,121,limbic system hypermetabolism,is associated with,relapse in alcohol dependence
462,122,cerebellum hypermetabolism,is associated with,relapse in alcohol dependence
463,123,frontal hypometabolism,is associated with,relapse in alcohol dependence
464,124,weakened functional connections in corticolimbic circuits,are associated with,higher risk of relapse in substance abuse
465,125,weakened functional connections in corticostriatal circuits,are associated with,higher risk of relapse in substance abuse
466,126,brain-derived neurotrophic factor increase in the medial prefrontal cortex,may prevent,relapses in alcohol use disorder
467,127,dorsal hippocampus activity,is associated with,relapse in substance use disorder
468,128,reduced dorsal hippocampus activity,will decrease,relapses in substance use disorder
469,129,ventral pallidum GABA neurons,control,opioid relapses in opioid addiction
470,130,family history of disease,is associated with,higher risk of relapse (some studies)
471,131,genetic factors,are associated with,higher risk of relapse (some studies)
472,132,family history of disease,is not associated with,risk of relapse (many studies)
473,133,genetic factors,are not associated with,risk of relapse (many studies)
474,134,substance use in close relatives,increases risk of,substance use disorder relapse
475,135,poorer physical health,is significantly associated with,higher relapse risk
476,136,poor physical health,increases,relapses in opioid use disorder
477,137,sleep disturbance,is associated with,significantly higher relapse rates
478,138,impaired hormones,are associated with,relapse
479,139,elevated biomarkers,are associated with,relapse
480,140,increased stress-induced craving,is associated with,blunted cortisol response
481,141,blunted cortisol response,is a predictor of,shorter relapse duration in outpatients with alcohol use disorder
482,142,high neutrophilâ€“lymphocyte ratio,is observed in,relapse group of alcohol use disorder inpatients
483,143,low plasma cortisol levels,are observed in,cocaine withdrawal
484,144,low dehydroepiandrosterone sulfate (DHEA-S) levels,are observed in,cocaine withdrawal
485,145,low plasma cortisol levels,can be used as biomarker to predict,relapse
486,146,low dehydroepiandrosterone sulfate (DHEA-S) levels,can be used as biomarker to predict,relapse
487,147,treatment with dehydroepiandrosterone,reduces,relapse
488,148,comorbid psychiatric disorders,are common in,Alcohol and substance use disorder
489,149,psychiatric comorbidity (mood disorder),is significantly associated with,increased risk of relapse in alcohol use disorder
490,150,psychiatric comorbidity (attention deficit hyperactivity disorder),is significantly associated with,increased risk of relapse in alcohol use disorder
491,151,comorbid depression,results in,higher relapse in Alcohol and substance use disorder
492,152,comorbid depression,increases,relapse in substance use disorders
493,153,addiction,has a well-established relationship with,temperament
494,154,addiction,has a well-established relationship with,character
495,155,neurotic personality,is associated with,higher relapse in alcohol dependence
496,156,risk taking tendency,is associated with,higher relapse in alcohol dependence
497,157,low mental resilience,is associated with,higher relapse in alcohol dependence
498,158,high neuroticism,is associated with,high relapse in substance abusers
499,159,low consequences,is associated with,high relapse in substance abusers
500,160,high emotional instability,is related to,relapse of heavy alcohol use
501,161,high emotional instability,is related to,relapse of heavy other drug use
502,162,behavioral disinhibition,is related to,relapse of heavy alcohol use
503,163,behavioral disinhibition,is related to,relapse of heavy other drug use
504,164,antisocial personality disorder,is prominent in relation to,relapse in substance use disorder
505,165,borderline personality disorder,is prominent in relation to,relapse in substance use disorder
506,166,antisocial personality disorder,increases risk of,relapse in alcohol dependence
507,167,higher disease severity,is associated with,higher relapse rates in Alcohol and substance use disorder
508,168,injecting drugs,is associated with,higher relapse rates in opioid use disorder
509,169,receiving higher doses of buprenorphine-naloxone,is associated with,higher relapse rates in opioid use disorder
510,170,cocaine addiction severity,increases,relapses
511,171,craving,is an important predictor of,relapses in alcohol dependence
512,172,craving,increases,relapses in substance use disorder
513,173,shorter duration of abstinence,is associated with,higher relapses in alcohol dependence
514,174,shorter substance-free periods,are associated with,higher relapse rates in opioid use disorder
515,175,emotion regulation skill,is important for,prevention of addiction
516,176,negative emotion,is associated with,greater risk of relapse in alcohol dependence
517,177,difficulties in emotion regulation,increase,relapse
518,178,positive emotions during methamphetamine use,increase,relapses in methamphetamine use disorder
519,179,negative emotions when not using methamphetamine,increase,relapses in methamphetamine use disorder
520,180,higher self-efficacy,is significantly associated with,lower risk of relapse in alcohol use disorder
521,181,low self-efficacy,is significantly associated with,higher relapse in opioid addiction
522,182,psychological resilience,is an essential factor in,substance use disorder
523,183,psychological resilience,decreases,relapses in substance use disorder
524,184,comorbid substance use disorder,significantly increases,relapses in alcohol dependence
525,185,concomitant polysubstance use,increases,relapses in opioid addiction
526,186,smoking,increases risk of,relapse in alcohol use disorder
527,187,smoking,increases risk of,relapse in substance use disorder
528,188,smoking,has no relationship with,relapse (few studies)
529,189,adverse life events,are strongly associated with,development of substance use disorder
530,190,lower coping skills,are strongly associated with,development of substance use disorder
531,191,adverse life events,are associated with,significantly higher relapse rates in alcohol dependence
532,192,trauma,is associated with,significantly higher relapse rates in alcohol dependence
533,193,stress,is associated with,significantly higher relapse rates in alcohol dependence
534,194,adverse childhood experiences,increase,relapses in opiate addicts under buprenorphine-naloxone treatment
535,195,traumatic experiences,are associated with,high relapse rates in Alcohol and substance use disorder
536,196,inadequate coping skills,increase,relapses in substance use disorder
537,197,inadequate coping skills,increase,relapses in alcohol dependence
538,198,neurocognitive deficits,are associated with,higher relapse rates in alcohol use disorder
539,199,impairments in learning processes,are associated with,higher relapse rates in heroin addiction
540,200,impairments in memory processes,are associated with,higher relapse rates in heroin addiction
541,201,executive dysfunction,is associated with,higher relapse rates in methamphetamine use disorder
542,202,impulsivity,increases,relapses in alcohol use disorder
543,203,impulsivity,increases,relapses
544,204,strong motivation to quit substance use,can decrease likelihood of,relapses in Alcohol and substance use disorder
545,205,setting treatment goals,decreases,relapse rates in alcohol use disorder
546,206,increasing motivation,decreases,relapse rates in alcohol use disorder
547,207,lower insight,is significantly linked to,higher risk of relapse
548,208,less help-seeking,is significantly linked to,higher risk of relapse
549,209,low motivation,is significantly linked to,higher risk of relapse
550,210,negative alcohol-related consequences,are significantly linked to,higher risk of relapse
551,211,lower positive outcome expectations,are significantly linked to,higher risk of relapse
552,212,disulfiram,is more successful than naltrexone in preventing,relapses in compliant and controlled patients with alcohol use disorder
553,213,disulfiram,is more successful than acamprosate in preventing,relapses in compliant and controlled patients with alcohol use disorder
554,214,naltrexone,has no difference compared to acamprosate in,reducing alcohol intake
555,215,ketamine infusion treatment,reduces,relapses in alcohol use disorder
556,216,intestinal microbiota modification by lactobacillus,reduces,relapses
557,217,intestinal microbiota modification by lactobacillus,reduces,heavy drinking
558,218,N-acetylcysteine acetylsalicylic acid treatment,reduces,relapses
559,219,N-acetylcysteine acetylsalicylic acid treatment,reduces,heavy drinking
560,220,methadone,decreases risk of relapse in,opioid addiction
561,221,buprenorphine,decreases risk of relapse in,opioid addiction
562,222,methadone,is more effective than buprenorphine for,treating opioid addiction
563,223,buprenorphine,is slightly less effective than methadone in preventing,relapse in opioid addiction
564,224,buprenorphine,has,lower potential for abuse
565,225,extended-release naltrexone,has equal safety and efficacy as buprenorphineâ€“naloxone combination therapy in preventing,opioid relapses
566,226,buprenorphineâ€“naloxone combination therapy,has equal safety and efficacy as extended-release naltrexone in preventing,opioid relapses
567,227,various pharmaceutical agents,have inadequate evidence for preventing,cannabis relapse
568,228,preparations containing tetrahydrocannabinol,can enhance,treatment completion rates
569,229,bupropion,has insufficient results to support utilization in,cannabis relapse treatment
570,230,selective serotonin reuptake inhibitors,have insufficient results to support utilization in,cannabis relapse treatment
571,231,mood stabilizers,have insufficient results to support utilization in,cannabis relapse treatment
572,232,anticonvulsants,have insufficient results to support utilization in,cannabis relapse treatment
573,233,gabapentin,has insufficient results to support utilization in,cannabis relapse treatment
574,234,N-acetylcysteine,has insufficient results to support utilization in,cannabis relapse treatment
575,235,psychostimulants,have not shown clear effect on,relapse for methamphetamine use disorder
576,236,antidepressants,have not shown clear effect on,relapse for methamphetamine use disorder
577,237,antipsychotics,have not shown clear effect on,relapse for methamphetamine use disorder
578,238,acamprosate,has not shown clear effect on,relapse for methamphetamine use disorder
579,239,naltrexone,has not shown clear effect on,relapse for methamphetamine use disorder
580,240,topiramate,has not shown clear effect on,relapse for methamphetamine use disorder
581,241,baclofen,has not shown clear effect on,relapse for methamphetamine use disorder
582,242,gabapentin,has not shown clear effect on,relapse for methamphetamine use disorder
583,243,N-acetylcysteine,has not shown clear effect on,relapse for methamphetamine use disorder
584,244,oxazepam,has not shown clear effect on,relapse for methamphetamine use disorder
585,245,atomoxetine,has not shown clear effect on,relapse for methamphetamine use disorder
586,246,oxytocin,has not shown clear effect on,relapse for methamphetamine use disorder
587,247,combination of extended-release injectable naltrexone and daily oral extended-release bupropion,shows better response than placebo for,relapses in moderate to severe methamphetamine use disorder
588,248,mindfulness-based intervention,may reduce,relapses in substance use disorder (some studies)
589,249,mindfulness-based intervention,has no significant effect on,relapse in substance use disorder (meta-analysis)
590,250,12-step treatment,is slightly more effective than cognitive therapy for,substance withdrawal
591,251,12-step treatment,is similarly effective as cognitive therapy for,patient functioning
592,252,12-step treatment,is similarly effective as cognitive therapy for,frequency of substance use
593,253,contingency management,reduced,substance use in the first 3 months
594,254,motivational interviewing,reduced,substance use in 3-6 months
595,255,psychoeducation for Alcohol and substance use disorder,reduced,stress
596,256,psychoeducation for Alcohol and substance use disorder,increased,self-efficacy
597,257,psychoeducation for Alcohol and substance use disorder,reduced,relapse
598,258,music intervention for Alcohol and substance use disorder,reduced,stress
599,259,music intervention for Alcohol and substance use disorder,increased,self-efficacy
600,260,music intervention for Alcohol and substance use disorder,reduced,relapse
601,261,social factors,are associated with,reduced relapse risk
602,262,quality of social support,is associated with,reduced relapse risk
603,263,favorable social context,is associated with,reduced relapse risk
604,264,favorable social functioning,is associated with,reduced relapse risk
605,265,employment,is associated with,reduced relapse risk
606,266,higher socioeconomic status,is associated with,reduced relapse risk
607,267,education,is associated with,reduced relapse risk
608,268,living in a poor neighborhood,increased,relapses in alcohol addicts
609,269,having drinkers in the social network,increased,relapses in alcohol addicts
610,270,participation in Alcoholics Anonymous,decreased,relapses in alcohol addicts
611,271,being single,increases,relapses in substance addiction
612,272,positive attitudes towards the substance,increase,relapses in substance addiction
613,273,family conflicts,increase,relapses in substance addiction
614,274,weak social support,increases,relapses in substance addiction
615,275,easy access to the substance,increases,relapses in substance addiction
616,276,having addicts in the family,increases,relapses in substance addiction
617,277,having addicts in close friends,increases,relapses in substance addiction
618,278,positive family functioning in substance use disorder,prevents,relapses
619,279,positive family functioning in substance use disorder,increases,self-esteem in individuals
620,280,positive family functioning in substance use disorder,increases,resilience in individuals
621,281,positive family functioning in substance use disorder,is associated with,higher relapse rates in close relatives of patients with Alcohol and substance use disorder
622,282,homelessness,increases,relapses in cocaine use disorder
623,283,homelessness,increases,relapses in methamphetamine use disorder
624,284,unemployment,increases,relapses in cocaine use disorder
625,285,unemployment,increases,relapses in methamphetamine use disorder
626,286,low family income,increases,relapses in cocaine use disorder
627,287,low family income,increases,relapses in methamphetamine use disorder
628,288,lack of social support,increases,relapses in cocaine use disorder
629,289,lack of social support,increases,relapses in methamphetamine use disorder
630,290,poor living conditions,increase,relapses in cocaine use disorder
631,291,poor living conditions,increase,relapses in methamphetamine use disorder
632,292,poor family conditions,increase,relapses in cocaine use disorder
633,293,poor family conditions,increase,relapses in methamphetamine use disorder
634,294,long-term substance use in the past,increased,relapses during methadone treatment for opioid use disorder
635,295,living in mountainous regions,increased,relapses during methadone treatment for opioid use disorder
636,296,living with many family members,decreased,relapses during methadone treatment for opioid use disorder
637,297,long treatment duration,decreased,relapses during methadone treatment for opioid use disorder
638,298,full compliance with treatment,decreased,relapses during methadone treatment for opioid use disorder
639,299,probation,reduces,relapse in Alcohol and substance use disorder
640,300,employment,reduces,relapse in Alcohol and substance use disorder
641,301,legal responsibility,can reduce,substance relapses
642,0,Relapse Prevention,has main idea,relapse is a gradual process with distinct stages
643,1,Relapse Prevention,has main idea,recovery is a process of personal growth with developmental milestones
644,2,Relapse Prevention,uses main tools,cognitive behavioral therapy
645,3,Relapse Prevention,uses main tools,mind-body relaxation
646,4,Relapse Prevention,has main idea,most relapses can be explained by a few basic rules
647,5,Relapse,is a,gradual process
648,6,Relapse,has,distinct stages
649,7,Treatment,aims to help individuals recognize,early stages of relapse
650,8,Early stages of relapse,offer,greatest chances of success for prevention
651,9,Recovery,is a,process of personal growth
652,10,Recovery,involves,developmental milestones
653,11,Each stage of recovery,has,risks of relapse
654,12,Cognitive behavioral therapy,is used to develop,healthy coping skills
655,13,Mind-body relaxation,is used to develop,healthy coping skills
656,14,Cognitive behavioral therapy,changes,negative thinking
657,15,Mind-body relaxation,changes,negative thinking
658,16,The Five Rules of Recovery,are,change your life
659,17,The Five Rules of Recovery,are,be completely honest
660,18,The Five Rules of Recovery,are,ask for help
661,19,The Five Rules of Recovery,are,practice self-care
662,20,The Five Rules of Recovery,are,do not bend the rules
663,21,Most people,seek treatment for,relapse prevention
664,22,Relapse prevention,approach works well in,individual therapy
665,23,Relapse prevention,approach works well in,group therapy
666,24,Relapse prevention,requires understanding that,relapse happens gradually
667,25,Relapse,begins,weeks or months before substance use
668,26,Treatment,aims to help individuals develop,coping skills to prevent relapse
669,27,Early relapse prevention,reduces,risk of relapse
670,28,Relapse,has three stages,emotional relapse
671,29,Relapse,has three stages,mental relapse
672,30,Relapse,has three stages,physical relapse
673,31,Emotional relapse,is a stage where,individuals are not thinking about using substances
674,32,Emotions and behaviors during emotional relapse,lead to,future relapse
675,33,Denial,is a significant part of,emotional relapse
676,34,Bottling up emotions,is a sign of,emotional relapse
677,35,Isolating,is a sign of,emotional relapse
678,36,Not attending meetings,is a sign of,emotional relapse
679,37,Attending meetings but not sharing,is a sign of,emotional relapse
680,38,Focusing on other people's problems,is a sign of,emotional relapse
681,39,Focusing on how other people affect oneself,is a sign of,emotional relapse
682,40,Poor eating habits,are a sign of,emotional relapse
683,41,Poor sleeping habits,are a sign of,emotional relapse
684,42,Emotional relapse,is characterized by,poor self-care
685,43,Self-care,includes,emotional care
686,44,Self-care,includes,psychological care
687,45,Self-care,includes,physical care
688,46,Therapy during emotional relapse,aims to help clients understand,meaning of self-care
689,47,Therapy during emotional relapse,aims to help clients understand,importance of self-care
690,48,Need for self-care,varies by,individual
691,49,HALT (acronym),is a reminder of,poor self-care
692,50,HALT (acronym),stands for,hungry
693,51,HALT (acronym),stands for,angry
694,52,HALT (acronym),stands for,lonely
695,53,HALT (acronym),stands for,tired
696,54,Physical self-care,includes,sleep
697,55,Physical self-care,includes,hygiene
698,56,Physical self-care,includes,healthy diet
699,57,Self-care for most individuals,is primarily,emotional self-care
700,58,Clients,need to make time for,themselves for self-care
701,59,Clients,need to be kind to,themselves for self-care
702,60,Clients,need to give permission to themselves to,have fun for self-care
703,61,Therapy during emotional relapse,aims to help clients identify,denial
704,62,Transition from emotional relapse to mental relapse,is a consequence of,prolonged poor self-care
705,63,Prolonged poor self-care and emotional relapse,lead to,feeling uncomfortable in one's own skin
706,64,"Feeling uncomfortable (restless, irritable, discontent)",leads to,thinking about using substances for escape
707,65,Mental relapse,involves,internal conflict about substance use
708,66,Deepening mental relapse,diminishes,cognitive resistance to relapse
709,67,Deepening mental relapse,increases,need for escape
710,68,Craving for substances,is a sign of,mental relapse
711,69,Thinking about people associated with past substance use,is a sign of,mental relapse
712,70,Thinking about places associated with past substance use,is a sign of,mental relapse
713,71,Thinking about things associated with past substance use,is a sign of,mental relapse
714,72,Minimizing consequences of past substance use,is a sign of,mental relapse
715,73,Glamorizing past substance use,is a sign of,mental relapse
716,74,Bargaining about substance use,is a sign of,mental relapse
717,75,Lying about substance use,is a sign of,mental relapse
718,76,Thinking of schemes to control substance use,is a sign of,mental relapse
719,77,Looking for relapse opportunities,is a sign of,mental relapse
720,78,Planning a relapse,is a sign of,mental relapse
721,79,Therapy,has important goal,helping clients avoid high-risk situations
722,80,Avoiding high-risk situations,is sometimes perceived as,weakness
723,81,Bargaining (mental relapse),involves,thinking of acceptable scenarios for substance use
724,82,Using substances on holidays,is an example of,bargaining (mental relapse)
725,83,Using substances on a trip,is an example of,bargaining (mental relapse)
726,84,Airports,are,high-risk environments in early recovery
727,85,All-inclusive resorts,are,high-risk environments in early recovery
728,86,Thinking of controlled periodic relapse,is a form of,bargaining (mental relapse)
729,87,Switching addictive substances,is a form of,bargaining (mental relapse)
730,88,Occasional brief thoughts of using substances,are,normal in early recovery
731,89,Occasional brief thoughts of using substances,are distinct from,mental relapse
732,90,Occasional thoughts of using substances,need to be,normalized in therapy
733,91,Addiction experience,results in,unerasable memory
734,92,Good coping skills,enable,letting go of thoughts of using substances quickly
735,93,Clinicians,distinguish mental relapse from occasional thoughts of using by,monitoring client behavior longitudinally
736,94,Thoughts of using substances changing in character,are warning signs of,mental relapse
737,95,Thoughts of using substances becoming more insistent,are warning signs of,mental relapse
738,96,Thoughts of using substances increasing in frequency,are warning signs of,mental relapse
739,97,Physical relapse,is defined as,an individual starting substance use again
740,98,Lapse,is,initial drink or drug use
741,99,Relapse after a lapse,is,return to uncontrolled substance use
742,100,One drink or one drug use (lapse),may lead to,uncontrolled substance use relapse
743,101,One drink or one drug use (lapse),usually leads to,mental relapse (obsessive thinking about using)
744,102,Mental relapse (obsessive thinking about using),can lead to,physical relapse
745,103,Most physical relapses,are,relapses of opportunity
746,104,Relapses of opportunity,occur when,a person feels they will not get caught
747,105,Relapse prevention,involves,rehearsing high-risk situations
748,106,Relapse prevention,involves,developing healthy exit strategies
749,107,Saying no just before using substances,is the,final and most difficult stage to stop relapse
750,108,Prolonged mental relapse without coping skills,increases likelihood of,turning to drugs or alcohol for escape
751,109,Cognitive behavioral therapy,is a main tool for,changing negative thinking
752,110,Cognitive behavioral therapy,is a main tool for,developing healthy coping skills
753,111,Cognitive behavioral therapy,is effective in,relapse prevention
754,112,Blaming others for one's problem,is a type of,negative thinking (obstacle to recovery)
755,113,Believing inability to handle life without substance use,is a type of,negative thinking (obstacle to recovery)
756,114,Believing in occasional substance use,is a type of,negative thinking (obstacle to recovery)
757,115,Believing life will not be fun without substance use,is a type of,negative thinking (obstacle to recovery)
758,116,Worrying about becoming an undesirable person,is a type of,negative thinking (obstacle to recovery)
759,117,Believing inability to make necessary changes,is a type of,negative thinking (obstacle to recovery)
760,118,Believing inability to change friends,is a type of,negative thinking (obstacle to recovery)
761,119,Not wanting to abandon family,is a type of,negative thinking (obstacle to recovery)
762,120,Believing recovery is too much work,is a type of,negative thinking (obstacle to recovery)
763,121,Believing cravings will be overwhelming,is a type of,negative thinking (obstacle to recovery)
764,122,Believing inability to resist cravings,is a type of,negative thinking (obstacle to recovery)
765,123,Believing relapse is inevitable after stopping,is a type of,negative thinking (obstacle to recovery)
766,124,Believing inability to finish anything,is a type of,negative thinking (obstacle to recovery)
767,125,Believing relapse can be kept secret,is a type of,negative thinking (obstacle to recovery)
768,126,Worrying about permanent damage from addiction,is a type of,negative thinking (obstacle to recovery)
769,127,Addictive thinking,is underpinned by,all-or-nothing thinking
770,128,Addictive thinking,is underpinned by,disqualifying the positives
771,129,Addictive thinking,is underpinned by,catastrophizing
772,130,Addictive thinking,is underpinned by,negative self-labeling
773,131,Negative thinking patterns,can lead to,anxiety
774,132,Negative thinking patterns,can lead to,resentments
775,133,Negative thinking patterns,can lead to,stress
776,134,Negative thinking patterns,can lead to,depression
777,135,Anxiety,can lead to,relapse
778,136,Resentments,can lead to,relapse
779,137,Stress,can lead to,relapse
780,138,Depression,can lead to,relapse
781,139,Cognitive behavioral therapy,helps break,old habits
782,140,Mind-body relaxation,helps break,old habits
783,141,Cognitive behavioral therapy,helps retrain,neural circuits for healthier thinking
784,142,Mind-body relaxation,helps retrain,neural circuits for healthier thinking
785,143,Fear,is a common,negative thinking pattern in addiction
786,144,Fear of not measuring up,is a type of,fearful thinking
787,145,Fear of being judged,is a type of,fearful thinking
788,146,Fear of feeling like a fraud and being discovered,is a type of,fearful thinking
789,147,Fear of not knowing how to live without drugs or alcohol,is a type of,fearful thinking
790,148,Fear of success,is a type of,fearful thinking
791,149,Fear of relapse,is a type of,fearful thinking
792,150,Inability to recover,is a basic,fear in recovery
793,151,Recovery,is falsely believed to require,special strength or willpower
794,152,Past relapses,are sometimes interpreted as,proof of inability to recover
795,153,Cognitive behavioral therapy,teaches that recovery is based on,coping skills
796,154,Cognitive behavioral therapy,teaches that recovery is not based on,willpower
797,155,Therapy,has important task,helping individuals redefine fun
798,156,Stress,leads clients to,glamorize past substance use
799,157,Clients under stress,think,recovery is hard work
800,158,Clients under stress,think,addiction was fun
801,159,Clients under stress,tend to,disqualify positives gained through recovery
802,160,Cognitive challenge in therapy,involves acknowledging,recovery is sometimes hard work but addiction is harder
803,161,Referring to past substance use as 'fun',leads to,downplaying negative consequences of addiction
804,162,Expectancy theory,demonstrates,expectations influence experience of fun
805,163,Early stages of substance abuse,involves,mostly positive experience for predisposed individuals
806,164,Individuals later in addiction,expect substance use to be,"positive, despite negative experiences"
807,165,Individuals,expect not using substances to lead to,emotional pain
808,166,Individuals,expect not using substances to lead to,boredom
809,167,Cognitive behavioral therapy,addresses,misconceptions about fun in substance use and abstinence
810,168,How individuals deal with setbacks,plays a major role in,recovery
811,169,Setback,is,behavior moving an individual closer to physical relapse
812,170,Not setting healthy boundaries,is an example of,setback
813,171,Not asking for help,is an example of,setback
814,172,Not avoiding high-risk situations,is an example of,setback
815,173,Not practicing self-care,is an example of,setback
816,174,Setbacks,are worthy of discussion in therapy,even if they do not end in relapse
817,175,Recovering individuals,tend to see setbacks as,failures
818,176,Recovering individuals,see setbacks as failures because of,being unusually hard on themselves
819,177,Setbacks,can create,vicious cycle of negative self-perception
820,178,Feeling unable to live life on life's terms due to setbacks,can lead to,increased substance use
821,179,Feeling unable to live life on life's terms due to setbacks,can lead to,greater sense of failure
822,180,Setbacks,can lead to,stopping focus on progress
823,181,Setbacks,can lead to,perceiving recovery as overwhelming
824,182,Setbacks,are a normal part of,progress
825,183,Setbacks,are not,failures
826,184,Setbacks,are caused by,insufficient coping skills
827,185,Setbacks,are caused by,inadequate planning
828,186,Insufficient coping skills,can be,fixed
829,187,Inadequate planning,can be,fixed
830,188,Clients,are encouraged to challenge thinking by,looking at past successes
831,189,Clients,are encouraged to challenge thinking by,acknowledging strengths in recovery
832,190,All-or-nothing view of recovery,increases likelihood of,feeling overwhelmed
833,191,All-or-nothing view of recovery,increases likelihood of,abandoning long-term goals for short-term relief
834,192,Abandoning long-term goals for short-term relief due to all-or-nothing thinking about recovery,is termed,Abstinence Violation Effect
835,193,Recovering individuals,need to learn,to feel comfortable with being uncomfortable
836,194,Recovering individuals,often assume non-addicts do not experience,same problems
837,195,Recovering individuals,often assume non-addicts do not experience,same negative emotions
838,196,Assumption that non-addicts do not have problems,leads to feeling it is necessary to,escape negative feelings for recovering individuals
839,197,Cognitive challenge,is to show that negative feelings are not,signs of failure
840,198,Cognitive challenge,is to show that negative feelings are a,normal part of life
841,199,Cognitive challenge,is to show that negative feelings are,opportunities for growth
842,200,Helping clients feel comfortable with being uncomfortable,can reduce,need to escape into addiction
843,201,Recovery,is a,process of personal growth
844,202,Each stage of recovery,has,its own risks of relapse
845,203,Each stage of recovery,has,its own developmental tasks to reach the next stage
846,204,Stages of recovery,are not,same length for each person
847,205,Stages of recovery,are a useful way of,looking at recovery
848,206,Stages of recovery,are a useful way of,teaching recovery to clients
849,207,Recovery,has three stages,abstinence stage
850,208,Recovery,has three stages,repair stage
851,209,Recovery,has three stages,growth stage
852,210,Abstinence stage,starts,immediately after stopping substance use
853,211,Abstinence stage,usually lasts,1 to 2 years
854,212,Abstinence stage,main focus is,dealing with cravings
855,213,Abstinence stage,main focus is,not using substances
856,214,Accepting one has an addiction,is a task of,abstinence stage
857,215,Practicing honesty in life,is a task of,abstinence stage
858,216,Developing coping skills for cravings,is a task of,abstinence stage
859,217,Becoming active in self-help groups,is a task of,abstinence stage
860,218,Practicing self-care,is a task of,abstinence stage
861,219,Practicing saying no,is a task of,abstinence stage
862,220,Understanding the stages of relapse,is a task of,abstinence stage
863,221,Getting rid of friends who are using substances,is a task of,abstinence stage
864,222,Understanding the dangers of cross addiction,is a task of,abstinence stage
865,223,Dealing with Post-Acute Withdrawal Syndrome,is a task of,abstinence stage
866,224,Developing healthy alternatives to substance use,is a task of,abstinence stage
867,225,Seeing oneself as a non-user,is a task of,abstinence stage
868,226,Physical cravings,are a risk to recovery in,abstinence stage
869,227,Poor self-care,is a risk to recovery in,abstinence stage
870,228,Wanting to use substances just one more time,is a risk to recovery in,abstinence stage
871,229,Struggling with acknowledging addiction,is a risk to recovery in,abstinence stage
872,230,Big external changes in early recovery,should be avoided during,first year of recovery
873,231,Tasks of abstinence stage,can be summarized as,improved physical self-care
874,232,Tasks of abstinence stage,can be summarized as,improved emotional self-care
875,233,Lack of self-care,can lead to,relapse in recovery
876,234,Post-Acute Withdrawal Syndrome,begins,shortly after acute withdrawal
877,235,Post-Acute Withdrawal Syndrome,is a common cause of,relapse
878,236,Acute withdrawal,has mostly,physical symptoms
879,237,Post-Acute Withdrawal Syndrome,has mostly,psychological symptoms
880,238,Post-Acute Withdrawal Syndrome,has mostly,emotional symptoms
881,239,Symptoms of Post-Acute Withdrawal Syndrome,are similar for,most addictions
882,240,Symptoms of acute withdrawal,are specific for,each addiction
883,241,Mood swings,are a symptom of,Post-Acute Withdrawal Syndrome
884,242,Anxiety,is a symptom of,Post-Acute Withdrawal Syndrome
885,243,Irritability,is a symptom of,Post-Acute Withdrawal Syndrome
886,244,Variable energy,is a symptom of,Post-Acute Withdrawal Syndrome
887,245,Low enthusiasm,is a symptom of,Post-Acute Withdrawal Syndrome
888,246,Variable concentration,is a symptom of,Post-Acute Withdrawal Syndrome
889,247,Disturbed sleep,is a symptom of,Post-Acute Withdrawal Syndrome
890,248,Symptoms of Post-Acute Withdrawal Syndrome,overlap with,depression symptoms
891,249,Symptoms of Post-Acute Withdrawal Syndrome,are expected to,gradually improve over time
892,250,Post-Acute Withdrawal Syndrome,has,prolonged duration (up to 2 years)
893,251,Symptoms of Post-Acute Withdrawal Syndrome,tend to,come and go
894,252,Being unprepared for protracted Post-Acute Withdrawal Syndrome,increases,risk of relapse
895,253,Clients struggling with Post-Acute Withdrawal Syndrome,tend to,catastrophize their chances of recovery
896,254,Cognitive challenge for Post-Acute Withdrawal Syndrome,is to encourage clients to measure progress,month-to-month
897,255,Repair stage of recovery,main task is,repairing damage caused by addiction
898,256,Repair stage of recovery,usually lasts,2 to 3 years
899,257,Individuals in repair stage of recovery,may feel,worse temporarily
900,258,Individuals in repair stage,must confront damage to,relationships
901,259,Individuals in repair stage,must confront damage to,employment
902,260,Individuals in repair stage,must confront damage to,finances
903,261,Individuals in repair stage,must confront damage to,self-esteem
904,262,Individuals in repair stage,must overcome,guilt from addiction
905,263,Individuals in repair stage,must overcome,negative self-labeling from addiction
906,264,Using cognitive behavioral therapy,is a task of,repair stage
907,265,Overcoming negative self-labeling,is a task of,repair stage
908,266,Overcoming catastrophizing,is a task of,repair stage
909,267,Understanding one is not their addiction,is a task of,repair stage
910,268,Repairing relationships,is a task of,repair stage
911,269,Making amends,is a task of,repair stage
912,270,Learning to feel comfortable with being uncomfortable,is a task of,repair stage
913,271,Improving self-care,is a task of,repair stage
914,272,Making self-care integral to recovery,is a task of,repair stage
915,273,Developing a balanced and healthy lifestyle,is a task of,repair stage
916,274,Continuing to engage in self-help groups,is a task of,repair stage
917,275,Developing healthy alternatives to substance use,is a task of,repair stage
918,276,Poor self-care,is a common cause of relapse in,repair stage
919,277,Not attending self-help group meetings,is a common cause of relapse in,repair stage
920,278,Growth stage of recovery,focuses on,developing unlearned skills
921,279,Unlearned skills,may have predisposed individuals to,addiction
922,280,Growth stage of recovery,usually starts,3 to 5 years after stopping substance use
923,281,Growth stage of recovery,is a,lifetime path
924,282,Growth stage of recovery,is a time to deal with,family of origin issues
925,283,Growth stage of recovery,is a time to deal with,past trauma
926,284,Tackling family of origin issues too soon,may lead to,relapse
927,285,Tackling past trauma too soon,may lead to,relapse
928,286,Identifying negative thinking patterns,is a task of,growth stage
929,287,Repairing negative thinking patterns,is a task of,growth stage
930,288,Identifying self-destructive patterns,is a task of,growth stage
931,289,Repairing self-destructive patterns,is a task of,growth stage
932,290,Understanding negative familial patterns,is a task of,growth stage
933,291,Understanding negative familial patterns,helps individuals,let go of resentments
934,292,Understanding negative familial patterns,helps individuals,move forward
935,293,Challenging fears with cognitive behavioral therapy,is a task of,growth stage
936,294,Challenging fears with mind-body relaxation,is a task of,growth stage
937,295,Setting healthy boundaries,is a task of,growth stage
938,296,Beginning to give back,is a task of,growth stage
939,297,Beginning to help others,is a task of,growth stage
940,298,Periodically reevaluating one's lifestyle,is a task of,growth stage
941,299,Ensuring one is on track in recovery,is a task of,growth stage
942,300,Tasks of growth stage,are similar to,life skills tasks for non-addicts
943,301,Non-addicts not developing healthy life skills,can lead to,unhappiness in life
944,302,Recovering individuals not developing healthy life skills,can lead to,unhappiness in life
945,303,Unhappiness in life for recovering individuals,can lead to,relapse
946,304,Individuals in late stage recovery,are subject to,special risks of relapse
947,305,Wanting to forget addiction,is a cause of relapse in,growth stage
948,306,Not wanting to focus on recovery for life,is a cause of relapse in,growth stage
949,307,Attending fewer self-help group meetings,is a cause of relapse in,growth stage
950,308,Focusing less on self-care as life improves,is a cause of relapse in,growth stage
951,309,Taking on more responsibilities,is a cause of relapse in,growth stage
952,310,Stopping healthy recovery activities,is a cause of relapse in,growth stage
953,311,Feeling not learning anything new at self-help group meetings,leads to,attending self-help group meetings less frequently
954,312,Self-help group meetings,provide benefit of,reminder of the voice of addiction
955,313,Feeling embarrassed to talk about recovery basics,is a cause of relapse in,growth stage
956,314,Embarrassment about occasional cravings,is a cause of relapse in,growth stage
957,315,Embarrassment about uncertainty of past addiction,is a cause of relapse in,growth stage
958,316,Believing one can control relapse,is a cause of relapse in,growth stage
959,317,Believing one can avoid negative consequences of substance use,is a cause of relapse in,growth stage
960,318,Most relapses,can be explained by,a few basic rules of recovery
961,319,Teaching The Five Rules of Recovery,helps clients understand,recovery is not complicated
962,320,Teaching The Five Rules of Recovery,helps clients understand,recovery is not beyond their control
963,321,Change your life (Rule 1),is the most important rule of,recovery
964,322,Recovery,is not achieved solely by,not using substances
965,323,Recovery,involves,creating a new life where abstinence is easier
966,324,Not changing one's life,leads to,factors contributing to addiction catching up
967,325,Wishing for one's old life back without substance use,is analogous to,wishing for relapse
968,326,Recovery,should be viewed as an,opportunity for change
969,327,Necessary changes in recovery,can lead to,greater happiness
970,328,Addiction,can serve as,opportunity to reevaluate life and make changes
971,329,Change needed in recovery,is usually,a small percentage of one's life
972,330,Most people in recovery,have,similar problems
973,331,Most people in recovery,need to make,similar changes
974,332,Changing negative thinking patterns,is a needed change in,recovery
975,333,Avoiding people associated with substance use,is a needed change in,recovery
976,334,Avoiding places associated with substance use,is a needed change in,recovery
977,335,Avoiding things associated with substance use,is a needed change in,recovery
978,336,Incorporating The Five Rules of Recovery,is a needed change in,recovery
979,337,Clients,need to develop,"healthy fear of substance use triggers (people, places, things)"
980,338,"Substance use triggers (people, places, things)",were previously associated with,positive emotions
981,339,Developing healthy fear of substance use triggers,requires,significant mental retraining
982,340,Addiction,requires,lying
983,341,Addicted individuals,lie about,getting drugs
984,342,Addicted individuals,lie about,hiding drugs
985,343,Addicted individuals,lie about,denying consequences of substance use
986,344,Addicted individuals,lie about,planning next relapse
987,345,Addicted individuals,eventually lie to,themselves
988,346,Feeling unable to be completely honest,is a sign of,emotional relapse
989,347,Secrets in recovery,are detrimental to,recovering individuals
990,348,Therapy,helps clients practice,telling the truth
991,349,Therapy,helps clients practice,admitting and correcting misstatements
992,350,Clients,are encouraged to understand,concept of a recovery circle
993,351,Recovery circle,includes,family
994,352,Recovery circle,includes,doctors
995,353,Recovery circle,includes,counselors
996,354,Recovery circle,includes,self-help groups
997,355,Recovery circle,includes,sponsors
998,356,Individuals,are encouraged to be completely honest within,their recovery circle
999,357,Most common misinterpretation of complete honesty,is,believing one must be honest about others' flaws
1000,358,Honesty in recovery,is,self-honesty
1001,359,"Feeling ""uncomfortably honest"" when sharing in recovery circle",is a test of,complete honesty
1002,360,Honesty,"is always preferable, except when it may",harm others
1003,361,Joining a self-help group,increases chances of,long-term recovery
1004,362,Combination of a substance abuse program and self-help group,is the most effective for,recovery
1005,363,Twelve-step groups,include,Alcoholics Anonymous
1006,364,Twelve-step groups,include,Narcotics Anonymous
1007,365,Twelve-step groups,include,Marijuana Anonymous
1008,366,Twelve-step groups,include,Cocaine Anonymous
1009,367,Twelve-step groups,include,Gamblers Anonymous
1010,368,Twelve-step groups,include,Adult Children of Alcoholics
1011,369,Other self-help groups,include,Women for Sobriety
1012,370,Other self-help groups,include,Secular Organizations for Sobriety
1013,371,Other self-help groups,include,SMART Recovery
1014,372,Other self-help groups,include,Caduceus groups for health professionals
1015,373,Attending 12-step meetings regularly,helps maximize benefits of,12-step groups
1016,374,Having a sponsor in 12-step groups,helps maximize benefits of,12-step groups
1017,375,Reading 12-step materials,helps maximize benefits of,12-step groups
1018,376,Having a goal of abstinence,helps maximize benefits of,12-step groups
1019,377,Active participation in self-help groups,helps individuals feel,not alone
1020,378,Active participation in self-help groups,helps individuals learn about,voice of addiction by hearing others' experiences
1021,379,Active participation in self-help groups,helps individuals learn about,successful recovery methods
1022,380,Active participation in self-help groups,helps individuals learn about,successful coping skills
1023,381,Self-help groups,provide,"safe, non-judgmental environment"
1024,382,Guilt,is a common emotion in,addiction
1025,383,Shame,is a common emotion in,addiction
1026,384,Guilt and shame,are obstacles to,recovery
1027,385,Self-help groups,help individuals overcome,guilt of addiction
1028,386,Self-help groups,help individuals overcome,shame of addiction
1029,387,Self-help groups,help individuals realize they are,not alone
1030,388,Not wanting to admit being an addict or alcoholic,is a reason for not joining,self-help groups
1031,389,Wanting to recover independently,is a reason for not joining,self-help groups
1032,390,Disliking groups,is a reason for not joining,self-help groups
1033,391,"Not being a ""joiner""",is a reason for not joining,self-help groups
1034,392,Disliking public speaking,is a reason for not joining,self-help groups
1035,393,"Fear of switching addictions (e.g., to Alcoholics Anonymous)",is a reason for not joining,self-help groups
1036,394,Fear of being recognized,is a reason for not joining,self-help groups
1037,395,Disliking religious aspects of some groups,is a reason for not joining,self-help groups
1038,396,Objections to joining self-help groups,are material for,cognitive behavioral therapy as negative thinking
1039,397,Understanding why people use substances,helps understand importance of,self-care
1040,398,People use substances,to,escape
1041,399,People use substances,to,relax
1042,400,People use substances,to,reward themselves
1043,401,"Escape, relaxation, self-reward",are primary benefits of,substance use
1044,402,Acknowledging benefits of substance use in therapy,helps individuals understand importance of,self-care
1045,403,Acknowledging benefits of substance use in therapy,helps individuals be motivated to find,healthy alternatives to substance use
1046,404,Self-care,is an overlooked aspect of,recovery
1047,405,Lack of self-care,can lead to,relapse despite other recovery efforts
1048,406,Self-care,is difficult for recovering individuals because they are,hard on themselves
1049,407,Self-care,is especially difficult for,adult children of addicted individuals
1050,408,Many clients,lack understanding of difference between,selfishness and self-care
1051,409,Selfishness,is defined as,taking more than one needs
1052,410,Self-care,is defined as,taking as much as one needs
1053,411,Addicted individuals,typically take,less than they need
1054,412,Taking less than one needs (addicted individuals),leads to,exhaustion
1055,413,Taking less than one needs (addicted individuals),leads to,resentment
1056,414,Exhaustion or resentment,leads to turning to addiction for,relaxation or escape
1057,415,Challenging addictive thinking,involves encouraging clients to understand,inability to be good to others without self-care
1058,416,Individuals use substances,to escape,negative emotions
1059,417,Individuals use substances,as a,reward
1060,418,Individuals use substances,to enhance,positive emotions
1061,419,Poor self-care,plays a role in substance use as,reward or emotion enhancement
1062,420,Poor self-care,often precedes,substance use for reward or emotion enhancement
1063,421,Mind-body relaxation,reduces,substance use
1064,422,Mind-body relaxation,is effective in,long-term relapse prevention
1065,423,Relapse prevention therapy and mind-body relaxation,are combined into,mindfulness-based relapse prevention
1066,424,Mind-body relaxation,plays multiple roles in,recovery
1067,425,Stress,is a common trigger of,relapse
1068,426,Tension,is a common trigger of,relapse
1069,427,Mind-body relaxation,helps individuals let go of,"negative thinking (dwelling on past, worrying about future)"
1070,428,Dwelling on the past,is a trigger for,relapse
1071,429,Worrying about the future,is a trigger for,relapse
1072,430,Mind-body relaxation,is a form of,self-kindness
1073,431,Self-care practice during mind-body relaxation,translates into,self-care in daily life
1074,432,Creating a new life in recovery,involves,finding time to relax
1075,433,Do not bend the rules (Rule 5),reminds individuals not to,resist change in recovery
1076,434,Do not bend the rules (Rule 5),reminds individuals not to,sabotage change in recovery
1077,435,Looking for loopholes in recovery,is a test of,bending the rules
1078,436,Ignoring professional advice after asking for it,is a warning sign of,bending the rules
1079,437,Clients in recovery after a while,can be categorized as,non-users
1080,438,Clients in recovery after a while,can be categorized as,denied users
1081,439,Non-users in recovery,acknowledge past substance use was,fun
1082,440,Non-users in recovery,acknowledge recent substance use was,not fun
1083,441,Non-users in recovery,want to,start next chapter of life
1084,442,Denied users in recovery,cannot fully acknowledge,extent of their addiction
1085,443,Denied users in recovery,cannot imagine,life without substance use
1086,444,Denied users in recovery,secretly plan to,try using substances again
1087,445,Recovery anniversaries,are often seen as reasons to,use substances by denied users
1088,446,Reaching a recovery milestone,leads some individuals to believe they can,use substances safely
1089,447,Clients,are encouraged to identify themselves as,non-users or denied users
1090,448,Denied user,is in,chronic mental relapse
1091,449,Denied user,is at,high-risk for future relapse
1092,450,Everyone in early recovery,is a,denied user
1093,451,Goal in therapy,is to help individuals transition from,denied users to non-users
1094,452,Not changing one's life in recovery,means,factors contributing to addiction persist
1095,453,Insufficient self-care,leads to,feeling uncomfortable
1096,454,Feeling uncomfortable,leads to seeking ways to,escape
1097,455,Feeling uncomfortable,leads to seeking ways to,relax
1098,456,Feeling uncomfortable,leads to seeking ways to,reward oneself
1099,457,Treatment,aims to help individuals,recognize early warning signs of relapse
1100,458,Treatment,aims to help individuals,develop coping skills for early relapse prevention
1101,459,Understanding The Five Rules of Recovery,helps clients focus on,what is important in recovery
